{
  "h#": {
    "accuracy": 0.9311428,
    "loss": 0.21726196
  },
  "w": {
    "accuracy": 0.90110177,
    "loss": 0.24968313
  },
  "ix": {
    "accuracy": 0.8078015,
    "loss": 0.4587908
  },
  "s": {
    "accuracy": 0.9078593,
    "loss": 0.23976384
  },
  "ah": {
    "accuracy": 0.80015415,
    "loss": 0.4607627
  },
  "ch": {
    "accuracy": 0.8647925,
    "loss": 0.3506897
  },
  "n": {
    "accuracy": 0.84228384,
    "loss": 0.36804587
  },
  "ae": {
    "accuracy": 0.82358277,
    "loss": 0.4326255
  },
  "t": {
    "accuracy": 0.87348765,
    "loss": 0.31309396
  },
  "v": {
    "accuracy": 0.8390031,
    "loss": 0.38608375
  },
  "r": {
    "accuracy": 0.8164475,
    "loss": 0.41351834
  },
  "f": {
    "accuracy": 0.84973955,
    "loss": 0.3245648
  },
  "y": {
    "accuracy": 0.8940898,
    "loss": 0.27823356
  },
  "zh": {
    "accuracy": 0.8870458,
    "loss": 0.310072
  },
  "b": {
    "accuracy": 0.90444446,
    "loss": 0.34526065
  },
  "iy": {
    "accuracy": 0.89884585,
    "loss": 0.2539124
  },
  "d": {
    "accuracy": 0.86285573,
    "loss": 0.35831288
  },
  "ow": {
    "accuracy": 0.8074526,
    "loss": 0.49797004
  },
  "m": {
    "accuracy": 0.85810655,
    "loss": 0.33010712
  },
  "dx": {
    "accuracy": 0.87643206,
    "loss": 0.28647038
  },
  "k": {
    "accuracy": 0.8248723,
    "loss": 0.42896435
  },
  "ih": {
    "accuracy": 0.8067635,
    "loss": 0.44081393
  },
  "eh": {
    "accuracy": 0.8066092,
    "loss": 0.44628373
  },
  "ao": {
    "accuracy": 0.85863334,
    "loss": 0.39483586
  },
  "l": {
    "accuracy": 0.85608697,
    "loss": 0.37430018
  },
  "g": {
    "accuracy": 0.8603774,
    "loss": 0.35428506
  },
  "dh": {
    "accuracy": 0.8223289,
    "loss": 0.43970588
  },
  "aa": {
    "accuracy": 0.8499813,
    "loss": 0.416403
  },
  "jh": {
    "accuracy": 0.88962764,
    "loss": 0.3193178
  },
  "z": {
    "accuracy": 0.9082982,
    "loss": 0.2583329
  },
  "axr": {
    "accuracy": 0.8110317,
    "loss": 0.39875722
  },
  "ax": {
    "accuracy": 0.7751392,
    "loss": 0.5526264
  },
  "ay": {
    "accuracy": 0.8343362,
    "loss": 0.36923727
  },
  "sh": {
    "accuracy": 0.90756,
    "loss": 0.24976821
  },
  "p": {
    "accuracy": 0.8978571,
    "loss": 0.29319096
  },
  "ey": {
    "accuracy": 0.85053194,
    "loss": 0.37579608
  },
  "er": {
    "accuracy": 0.8529922,
    "loss": 0.35307336
  },
  "uw": {
    "accuracy": 0.85340315,
    "loss": 0.33886877
  },
  "ng": {
    "accuracy": 0.8699588,
    "loss": 0.3014892
  },
  "aw": {
    "accuracy": 0.8231919,
    "loss": 0.47798887
  },
  "oy": {
    "accuracy": 0.76742625,
    "loss": 0.448001
  },
  "uh": {
    "accuracy": 0.77308387,
    "loss": 0.48754245
  },
  "hh": {
    "accuracy": 0.85667825,
    "loss": 0.35305813
  },
  "th": {
    "accuracy": 0.804367,
    "loss": 0.45563924
  },
  "dcl": {
    "accuracy": 0.82679236,
    "loss": 0.4773603
  },
  "tcl": {
    "accuracy": 0.84711397,
    "loss": 0.38720897
  },
  "kcl": {
    "accuracy": 0.86559737,
    "loss": 0.37804514
  },
  "bcl": {
    "accuracy": 0.86779594,
    "loss": 0.35054976
  },
  "epi": {
    "accuracy": 0.7883788,
    "loss": 0.47063544
  },
  "gcl": {
    "accuracy": 0.792042,
    "loss": 0.47761023
  },
  "ax-h": {
    "accuracy": 0.804401,
    "loss": 0.45928106
  },
  "pau": {
    "accuracy": 0.8255286,
    "loss": 0.50266737
  },
  "pcl": {
    "accuracy": 0.787394,
    "loss": 0.40853298
  },
  "eng": {
    "accuracy": 0.75,
    "loss": 0.5048305
  },
  "em": {
    "accuracy": 0.82173914,
    "loss": 0.41297376
  },
  "en": {
    "accuracy": 0.7994555,
    "loss": 0.44295076
  },
  "nx": {
    "accuracy": 0.88312584,
    "loss": 0.27767798
  },
  "ux": {
    "accuracy": 0.86910653,
    "loss": 0.3146012
  },
  "el": {
    "accuracy": 0.8556994,
    "loss": 0.39469865
  },
  "q": {
    "accuracy": 0.751582,
    "loss": 0.5144204
  },
  "hv": {
    "accuracy": 0.782523,
    "loss": 0.47898987
  }
}
